[{"pk": 1, "model": "contenttypes.contenttype", "fields": {"app_label": "admin", "model": "logentry"}}, {"pk": 2, "model": "contenttypes.contenttype", "fields": {"app_label": "auth", "model": "permission"}}, {"pk": 3, "model": "contenttypes.contenttype", "fields": {"app_label": "auth", "model": "group"}}, {"pk": 4, "model": "contenttypes.contenttype", "fields": {"app_label": "auth", "model": "user"}}, {"pk": 5, "model": "contenttypes.contenttype", "fields": {"app_label": "contenttypes", "model": "contenttype"}}, {"pk": 6, "model": "contenttypes.contenttype", "fields": {"app_label": "sessions", "model": "session"}}, {"pk": 7, "model": "contenttypes.contenttype", "fields": {"app_label": "scales", "model": "scale"}}, {"pk": 8, "model": "contenttypes.contenttype", "fields": {"app_label": "scales", "model": "shape"}}, {"pk": 9, "model": "contenttypes.contenttype", "fields": {"app_label": "scales", "model": "position"}}, {"pk": "floux27jklmnz41ebsadbspnl123dwju", "model": "sessions.session", "fields": {"session_data": "NjRlMWRjOTVmMjBiMjk3YmNiNWE0YTFjNTIxMjMyOTc2M2ZiODgzMzp7Il9hdXRoX3VzZXJfaGFzaCI6IjhlYTk4MzhlMzlhNmQxZDU3MzNiMWUxNWQ4ZjczNjlmOTViMjZiNWUiLCJfYXV0aF91c2VyX2lkIjoiMSIsIl9hdXRoX3VzZXJfYmFja2VuZCI6ImRqYW5nby5jb250cmliLmF1dGguYmFja2VuZHMuTW9kZWxCYWNrZW5kIn0=", "expire_date": "2015-06-25T20:20:30.688Z"}}, {"pk": 1, "model": "scales.scale", "fields": {"name": "Major Natural", "key": "E"}}, {"pk": 2, "model": "scales.scale", "fields": {"name": "Minor Pentatonic", "key": "D"}}, {"pk": 2, "model": "scales.shape", "fields": {"scale": 1, "number": 1, "first_fret": 5}}, {"pk": 3, "model": "scales.shape", "fields": {"scale": 2, "number": 1, "first_fret": 2}}, {"pk": 4, "model": "scales.shape", "fields": {"scale": 2, "number": 2, "first_fret": 5}}, {"pk": 5, "model": "scales.shape", "fields": {"scale": 2, "number": 3, "first_fret": 10}}, {"pk": 6, "model": "scales.shape", "fields": {"scale": 2, "number": 4, "first_fret": 10}}, {"pk": 7, "model": "scales.shape", "fields": {"scale": 2, "number": 5, "first_fret": 12}}, {"pk": 1, "model": "scales.position", "fields": {"is_root": false, "shape": 3, "finger": 4, "string": 6, "fret": 5}}, {"pk": 2, "model": "scales.position", "fields": {"is_root": false, "shape": 3, "finger": 2, "string": 6, "fret": 3}}, {"pk": 3, "model": "scales.position", "fields": {"is_root": true, "shape": 3, "finger": 4, "string": 5, "fret": 5}}, {"pk": 4, "model": "scales.position", "fields": {"is_root": false, "shape": 3, "finger": 2, "string": 5, "fret": 3}}, {"pk": 5, "model": "scales.position", "fields": {"is_root": false, "shape": 3, "finger": 4, "string": 4, "fret": 5}}, {"pk": 6, "model": "scales.position", "fields": {"is_root": false, "shape": 3, "finger": 2, "string": 4, "fret": 3}}, {"pk": 7, "model": "scales.position", "fields": {"is_root": false, "shape": 3, "finger": 4, "string": 3, "fret": 5}}, {"pk": 8, "model": "scales.position", "fields": {"is_root": false, "shape": 3, "finger": 1, "string": 3, "fret": 2}}, {"pk": 9, "model": "scales.position", "fields": {"is_root": false, "shape": 3, "finger": 4, "string": 2, "fret": 6}}, {"pk": 10, "model": "scales.position", "fields": {"is_root": true, "shape": 3, "finger": 1, "string": 2, "fret": 3}}, {"pk": 11, "model": "scales.position", "fields": {"is_root": false, "shape": 3, "finger": 3, "string": 1, "fret": 5}}, {"pk": 12, "model": "scales.position", "fields": {"is_root": false, "shape": 3, "finger": 1, "string": 1, "fret": 3}}, {"pk": 13, "model": "scales.position", "fields": {"is_root": true, "shape": 4, "finger": 1, "string": 5, "fret": 5}}, {"pk": 14, "model": "scales.position", "fields": {"is_root": false, "shape": 4, "finger": 4, "string": 5, "fret": 8}}, {"pk": 15, "model": "scales.position", "fields": {"is_root": false, "shape": 4, "finger": 1, "string": 6, "fret": 5}}, {"pk": 16, "model": "scales.position", "fields": {"is_root": false, "shape": 4, "finger": 4, "string": 6, "fret": 8}}, {"pk": 17, "model": "scales.position", "fields": {"is_root": false, "shape": 4, "finger": 1, "string": 4, "fret": 5}}, {"pk": 18, "model": "scales.position", "fields": {"is_root": false, "shape": 4, "finger": 3, "string": 4, "fret": 7}}, {"pk": 19, "model": "scales.position", "fields": {"is_root": false, "shape": 4, "finger": 1, "string": 3, "fret": 5}}, {"pk": 20, "model": "scales.position", "fields": {"is_root": true, "shape": 4, "finger": 3, "string": 3, "fret": 7}}, {"pk": 21, "model": "scales.position", "fields": {"is_root": false, "shape": 4, "finger": 1, "string": 2, "fret": 6}}, {"pk": 22, "model": "scales.position", "fields": {"is_root": false, "shape": 4, "finger": 3, "string": 2, "fret": 8}}, {"pk": 23, "model": "scales.position", "fields": {"is_root": false, "shape": 4, "finger": 1, "string": 1, "fret": 5}}, {"pk": 24, "model": "scales.position", "fields": {"is_root": false, "shape": 4, "finger": 4, "string": 1, "fret": 8}}, {"pk": 25, "model": "scales.position", "fields": {"is_root": false, "shape": 5, "finger": 2, "string": 6, "fret": 8}}, {"pk": 26, "model": "scales.position", "fields": {"is_root": true, "shape": 5, "finger": 4, "string": 6, "fret": 10}}, {"pk": 27, "model": "scales.position", "fields": {"is_root": false, "shape": 5, "finger": 2, "string": 5, "fret": 8}}, {"pk": 28, "model": "scales.position", "fields": {"is_root": false, "shape": 5, "finger": 4, "string": 5, "fret": 10}}, {"pk": 29, "model": "scales.position", "fields": {"is_root": false, "shape": 5, "finger": 1, "string": 4, "fret": 7}}, {"pk": 30, "model": "scales.position", "fields": {"is_root": false, "shape": 5, "finger": 4, "string": 4, "fret": 10}}, {"pk": 31, "model": "scales.position", "fields": {"is_root": true, "shape": 5, "finger": 1, "string": 3, "fret": 7}}, {"pk": 32, "model": "scales.position", "fields": {"is_root": false, "shape": 5, "finger": 4, "string": 3, "fret": 10}}, {"pk": 33, "model": "scales.position", "fields": {"is_root": false, "shape": 5, "finger": 2, "string": 2, "fret": 8}}, {"pk": 34, "model": "scales.position", "fields": {"is_root": false, "shape": 5, "finger": 4, "string": 2, "fret": 10}}, {"pk": 35, "model": "scales.position", "fields": {"is_root": false, "shape": 5, "finger": 2, "string": 1, "fret": 8}}, {"pk": 36, "model": "scales.position", "fields": {"is_root": false, "shape": 5, "finger": 4, "string": 1, "fret": 10}}, {"pk": 37, "model": "scales.position", "fields": {"is_root": true, "shape": 6, "finger": 1, "string": 6, "fret": 10}}, {"pk": 38, "model": "scales.position", "fields": {"is_root": false, "shape": 6, "finger": 4, "string": 6, "fret": 13}}, {"pk": 39, "model": "scales.position", "fields": {"is_root": false, "shape": 6, "finger": 1, "string": 5, "fret": 10}}, {"pk": 40, "model": "scales.position", "fields": {"is_root": false, "shape": 6, "finger": 3, "string": 5, "fret": 12}}, {"pk": 41, "model": "scales.position", "fields": {"is_root": false, "shape": 6, "finger": 1, "string": 4, "fret": 10}}, {"pk": 42, "model": "scales.position", "fields": {"is_root": true, "shape": 6, "finger": 3, "string": 4, "fret": 12}}, {"pk": 43, "model": "scales.position", "fields": {"is_root": false, "shape": 6, "finger": 1, "string": 3, "fret": 10}}, {"pk": 44, "model": "scales.position", "fields": {"is_root": false, "shape": 6, "finger": 3, "string": 3, "fret": 12}}, {"pk": 45, "model": "scales.position", "fields": {"is_root": false, "shape": 6, "finger": 1, "string": 2, "fret": 10}}, {"pk": 46, "model": "scales.position", "fields": {"is_root": false, "shape": 6, "finger": 4, "string": 2, "fret": 13}}, {"pk": 47, "model": "scales.position", "fields": {"is_root": true, "shape": 6, "finger": 1, "string": 1, "fret": 10}}, {"pk": 48, "model": "scales.position", "fields": {"is_root": false, "shape": 6, "finger": 4, "string": 1, "fret": 13}}, {"pk": 49, "model": "scales.position", "fields": {"is_root": false, "shape": 7, "finger": 2, "string": 6, "fret": 13}}, {"pk": 50, "model": "scales.position", "fields": {"is_root": false, "shape": 7, "finger": 4, "string": 6, "fret": 15}}, {"pk": 51, "model": "scales.position", "fields": {"is_root": false, "shape": 7, "finger": 1, "string": 5, "fret": 12}}, {"pk": 52, "model": "scales.position", "fields": {"is_root": false, "shape": 7, "finger": 4, "string": 5, "fret": 15}}, {"pk": 53, "model": "scales.position", "fields": {"is_root": true, "shape": 7, "finger": 1, "string": 4, "fret": 12}}, {"pk": 54, "model": "scales.position", "fields": {"is_root": false, "shape": 7, "finger": 4, "string": 4, "fret": 15}}, {"pk": 55, "model": "scales.position", "fields": {"is_root": false, "shape": 7, "finger": 1, "string": 3, "fret": 12}}, {"pk": 56, "model": "scales.position", "fields": {"is_root": false, "shape": 7, "finger": 3, "string": 3, "fret": 14}}, {"pk": 57, "model": "scales.position", "fields": {"is_root": false, "shape": 7, "finger": 2, "string": 2, "fret": 13}}, {"pk": 58, "model": "scales.position", "fields": {"is_root": true, "shape": 7, "finger": 4, "string": 2, "fret": 15}}, {"pk": 59, "model": "scales.position", "fields": {"is_root": false, "shape": 7, "finger": 2, "string": 1, "fret": 13}}, {"pk": 60, "model": "scales.position", "fields": {"is_root": false, "shape": 7, "finger": 4, "string": 1, "fret": 15}}, {"pk": 1, "model": "auth.permission", "fields": {"codename": "add_logentry", "name": "Can add log entry", "content_type": 1}}, {"pk": 2, "model": "auth.permission", "fields": {"codename": "change_logentry", "name": "Can change log entry", "content_type": 1}}, {"pk": 3, "model": "auth.permission", "fields": {"codename": "delete_logentry", "name": "Can delete log entry", "content_type": 1}}, {"pk": 4, "model": "auth.permission", "fields": {"codename": "add_permission", "name": "Can add permission", "content_type": 2}}, {"pk": 5, "model": "auth.permission", "fields": {"codename": "change_permission", "name": "Can change permission", "content_type": 2}}, {"pk": 6, "model": "auth.permission", "fields": {"codename": "delete_permission", "name": "Can delete permission", "content_type": 2}}, {"pk": 7, "model": "auth.permission", "fields": {"codename": "add_group", "name": "Can add group", "content_type": 3}}, {"pk": 8, "model": "auth.permission", "fields": {"codename": "change_group", "name": "Can change group", "content_type": 3}}, {"pk": 9, "model": "auth.permission", "fields": {"codename": "delete_group", "name": "Can delete group", "content_type": 3}}, {"pk": 10, "model": "auth.permission", "fields": {"codename": "add_user", "name": "Can add user", "content_type": 4}}, {"pk": 11, "model": "auth.permission", "fields": {"codename": "change_user", "name": "Can change user", "content_type": 4}}, {"pk": 12, "model": "auth.permission", "fields": {"codename": "delete_user", "name": "Can delete user", "content_type": 4}}, {"pk": 13, "model": "auth.permission", "fields": {"codename": "add_contenttype", "name": "Can add content type", "content_type": 5}}, {"pk": 14, "model": "auth.permission", "fields": {"codename": "change_contenttype", "name": "Can change content type", "content_type": 5}}, {"pk": 15, "model": "auth.permission", "fields": {"codename": "delete_contenttype", "name": "Can delete content type", "content_type": 5}}, {"pk": 16, "model": "auth.permission", "fields": {"codename": "add_session", "name": "Can add session", "content_type": 6}}, {"pk": 17, "model": "auth.permission", "fields": {"codename": "change_session", "name": "Can change session", "content_type": 6}}, {"pk": 18, "model": "auth.permission", "fields": {"codename": "delete_session", "name": "Can delete session", "content_type": 6}}, {"pk": 19, "model": "auth.permission", "fields": {"codename": "add_scale", "name": "Can add scale", "content_type": 7}}, {"pk": 20, "model": "auth.permission", "fields": {"codename": "change_scale", "name": "Can change scale", "content_type": 7}}, {"pk": 21, "model": "auth.permission", "fields": {"codename": "delete_scale", "name": "Can delete scale", "content_type": 7}}, {"pk": 22, "model": "auth.permission", "fields": {"codename": "add_shape", "name": "Can add shape", "content_type": 8}}, {"pk": 23, "model": "auth.permission", "fields": {"codename": "change_shape", "name": "Can change shape", "content_type": 8}}, {"pk": 24, "model": "auth.permission", "fields": {"codename": "delete_shape", "name": "Can delete shape", "content_type": 8}}, {"pk": 25, "model": "auth.permission", "fields": {"codename": "add_position", "name": "Can add position", "content_type": 9}}, {"pk": 26, "model": "auth.permission", "fields": {"codename": "change_position", "name": "Can change position", "content_type": 9}}, {"pk": 27, "model": "auth.permission", "fields": {"codename": "delete_position", "name": "Can delete position", "content_type": 9}}, {"pk": 1, "model": "auth.user", "fields": {"first_name": "", "user_permissions": [], "groups": [], "password": "pbkdf2_sha256$20000$FF9cNkUxdjDw$PZC/5fU2MWmZvamF1QWIxfyWG6i3f6XF/ljScbixxYE=", "username": "admin", "is_superuser": true, "date_joined": "2015-05-17T17:50:15.920Z", "is_staff": true, "last_login": "2015-06-11T20:20:30.686Z", "is_active": true, "email": "a@b.com", "last_name": ""}}, {"pk": 1, "model": "admin.logentry", "fields": {"action_time": "2015-05-17T21:58:23.211Z", "change_message": "Changed name.", "user": 1, "object_repr": "E Major Natural", "object_id": "1", "content_type": 7, "action_flag": 2}}, {"pk": 2, "model": "admin.logentry", "fields": {"action_time": "2015-05-18T20:56:15.831Z", "change_message": "", "user": 1, "object_repr": "E Minor Pentatonic", "object_id": "2", "content_type": 7, "action_flag": 1}}, {"pk": 3, "model": "admin.logentry", "fields": {"action_time": "2015-05-18T20:57:11.959Z", "change_message": "", "user": 1, "object_repr": "E Minor Pentatonic 1", "object_id": "3", "content_type": 8, "action_flag": 1}}, {"pk": 4, "model": "admin.logentry", "fields": {"action_time": "2015-05-18T20:58:13.103Z", "change_message": "", "user": 1, "object_repr": "E Minor Pentatonic 1 Position: 5 : 6", "object_id": "1", "content_type": 9, "action_flag": 1}}, {"pk": 5, "model": "admin.logentry", "fields": {"action_time": "2015-05-18T20:58:38.037Z", "change_message": "", "user": 1, "object_repr": "E Minor Pentatonic 1 Position: 3 : 6", "object_id": "2", "content_type": 9, "action_flag": 1}}, {"pk": 6, "model": "admin.logentry", "fields": {"action_time": "2015-05-18T20:59:17.992Z", "change_message": "", "user": 1, "object_repr": "E Minor Pentatonic 1 Position: 5 : 5", "object_id": "3", "content_type": 9, "action_flag": 1}}, {"pk": 7, "model": "admin.logentry", "fields": {"action_time": "2015-05-18T21:00:24.871Z", "change_message": "", "user": 1, "object_repr": "E Minor Pentatonic 1 Position: 3 : 5", "object_id": "4", "content_type": 9, "action_flag": 1}}, {"pk": 8, "model": "admin.logentry", "fields": {"action_time": "2015-05-18T21:01:22.291Z", "change_message": "", "user": 1, "object_repr": "E Minor Pentatonic 1 Position: 5 : 4", "object_id": "5", "content_type": 9, "action_flag": 1}}, {"pk": 9, "model": "admin.logentry", "fields": {"action_time": "2015-05-18T21:02:04.254Z", "change_message": "", "user": 1, "object_repr": "E Minor Pentatonic 1 Position: 3 : 4", "object_id": "6", "content_type": 9, "action_flag": 1}}, {"pk": 10, "model": "admin.logentry", "fields": {"action_time": "2015-05-18T21:02:33.913Z", "change_message": "", "user": 1, "object_repr": "E Minor Pentatonic 1 Position: 5 : 3", "object_id": "7", "content_type": 9, "action_flag": 1}}, {"pk": 11, "model": "admin.logentry", "fields": {"action_time": "2015-05-18T21:02:56.716Z", "change_message": "", "user": 1, "object_repr": "E Minor Pentatonic 1 Position: 2 : 3", "object_id": "8", "content_type": 9, "action_flag": 1}}, {"pk": 12, "model": "admin.logentry", "fields": {"action_time": "2015-05-18T21:03:40.529Z", "change_message": "", "user": 1, "object_repr": "E Minor Pentatonic 1 Position: 6 : 2", "object_id": "9", "content_type": 9, "action_flag": 1}}, {"pk": 13, "model": "admin.logentry", "fields": {"action_time": "2015-05-18T21:04:03.828Z", "change_message": "", "user": 1, "object_repr": "E Minor Pentatonic 1 Position: 3 : 2", "object_id": "10", "content_type": 9, "action_flag": 1}}, {"pk": 14, "model": "admin.logentry", "fields": {"action_time": "2015-05-18T21:04:31.424Z", "change_message": "", "user": 1, "object_repr": "E Minor Pentatonic 1 Position: 5 : 1", "object_id": "11", "content_type": 9, "action_flag": 1}}, {"pk": 15, "model": "admin.logentry", "fields": {"action_time": "2015-05-18T21:04:46.878Z", "change_message": "", "user": 1, "object_repr": "E Minor Pentatonic 1 Position: 3 : 1", "object_id": "12", "content_type": 9, "action_flag": 1}}, {"pk": 16, "model": "admin.logentry", "fields": {"action_time": "2015-06-11T20:22:15.975Z", "change_message": "", "user": 1, "object_repr": "E Minor Pentatonic 2", "object_id": "4", "content_type": 8, "action_flag": 1}}, {"pk": 17, "model": "admin.logentry", "fields": {"action_time": "2015-06-11T20:24:39.419Z", "change_message": "", "user": 1, "object_repr": "E Minor Pentatonic 2 Position: 5 : 5", "object_id": "13", "content_type": 9, "action_flag": 1}}, {"pk": 18, "model": "admin.logentry", "fields": {"action_time": "2015-06-11T20:24:59.397Z", "change_message": "Changed key.", "user": 1, "object_repr": "D Minor Pentatonic", "object_id": "2", "content_type": 7, "action_flag": 2}}, {"pk": 19, "model": "admin.logentry", "fields": {"action_time": "2015-06-11T20:33:00.710Z", "change_message": "", "user": 1, "object_repr": "D Minor Pentatonic 2 Position: 8 : 5", "object_id": "14", "content_type": 9, "action_flag": 1}}, {"pk": 20, "model": "admin.logentry", "fields": {"action_time": "2015-06-11T20:33:40.932Z", "change_message": "", "user": 1, "object_repr": "D Minor Pentatonic 2 Position: 5 : 6", "object_id": "15", "content_type": 9, "action_flag": 1}}, {"pk": 21, "model": "admin.logentry", "fields": {"action_time": "2015-06-11T20:34:14.410Z", "change_message": "", "user": 1, "object_repr": "D Minor Pentatonic 2 Position: 8 : 6", "object_id": "16", "content_type": 9, "action_flag": 1}}, {"pk": 22, "model": "admin.logentry", "fields": {"action_time": "2015-06-11T20:35:11.713Z", "change_message": "", "user": 1, "object_repr": "D Minor Pentatonic 2 Position: 5 : 4", "object_id": "17", "content_type": 9, "action_flag": 1}}, {"pk": 23, "model": "admin.logentry", "fields": {"action_time": "2015-06-11T20:35:39.805Z", "change_message": "", "user": 1, "object_repr": "D Minor Pentatonic 2 Position: 7 : 4", "object_id": "18", "content_type": 9, "action_flag": 1}}, {"pk": 24, "model": "admin.logentry", "fields": {"action_time": "2015-06-11T20:36:17.640Z", "change_message": "", "user": 1, "object_repr": "D Minor Pentatonic 2 Position: 5 : 3", "object_id": "19", "content_type": 9, "action_flag": 1}}, {"pk": 25, "model": "admin.logentry", "fields": {"action_time": "2015-06-11T20:36:38.424Z", "change_message": "", "user": 1, "object_repr": "D Minor Pentatonic 2 Position: 7 : 3", "object_id": "20", "content_type": 9, "action_flag": 1}}, {"pk": 26, "model": "admin.logentry", "fields": {"action_time": "2015-06-11T20:36:57.702Z", "change_message": "No fields changed.", "user": 1, "object_repr": "D Minor Pentatonic 2 Position: 7 : 3", "object_id": "20", "content_type": 9, "action_flag": 2}}, {"pk": 27, "model": "admin.logentry", "fields": {"action_time": "2015-06-11T20:37:19.962Z", "change_message": "", "user": 1, "object_repr": "D Minor Pentatonic 2 Position: 6 : 2", "object_id": "21", "content_type": 9, "action_flag": 1}}, {"pk": 28, "model": "admin.logentry", "fields": {"action_time": "2015-06-11T20:37:42.066Z", "change_message": "", "user": 1, "object_repr": "D Minor Pentatonic 2 Position: 8 : 2", "object_id": "22", "content_type": 9, "action_flag": 1}}, {"pk": 29, "model": "admin.logentry", "fields": {"action_time": "2015-06-11T20:38:57.660Z", "change_message": "", "user": 1, "object_repr": "D Minor Pentatonic 2 Position: 5 : 1", "object_id": "23", "content_type": 9, "action_flag": 1}}, {"pk": 30, "model": "admin.logentry", "fields": {"action_time": "2015-06-11T20:39:10.799Z", "change_message": "", "user": 1, "object_repr": "D Minor Pentatonic 2 Position: 8 : 1", "object_id": "24", "content_type": 9, "action_flag": 1}}, {"pk": 31, "model": "admin.logentry", "fields": {"action_time": "2015-06-11T20:41:41.054Z", "change_message": "", "user": 1, "object_repr": "D Minor Pentatonic 3", "object_id": "5", "content_type": 8, "action_flag": 1}}, {"pk": 32, "model": "admin.logentry", "fields": {"action_time": "2015-06-11T20:42:12.288Z", "change_message": "", "user": 1, "object_repr": "D Minor Pentatonic 3 Position: 8 : 6", "object_id": "25", "content_type": 9, "action_flag": 1}}, {"pk": 33, "model": "admin.logentry", "fields": {"action_time": "2015-06-11T20:42:52.454Z", "change_message": "", "user": 1, "object_repr": "D Minor Pentatonic 3 Position: 10 : 6", "object_id": "26", "content_type": 9, "action_flag": 1}}, {"pk": 34, "model": "admin.logentry", "fields": {"action_time": "2015-06-11T20:43:36.686Z", "change_message": "", "user": 1, "object_repr": "D Minor Pentatonic 3 Position: 8 : 5", "object_id": "27", "content_type": 9, "action_flag": 1}}, {"pk": 35, "model": "admin.logentry", "fields": {"action_time": "2015-06-11T20:43:49.105Z", "change_message": "", "user": 1, "object_repr": "D Minor Pentatonic 3 Position: 10 : 5", "object_id": "28", "content_type": 9, "action_flag": 1}}, {"pk": 36, "model": "admin.logentry", "fields": {"action_time": "2015-06-11T20:44:08.769Z", "change_message": "", "user": 1, "object_repr": "D Minor Pentatonic 3 Position: 7 : 4", "object_id": "29", "content_type": 9, "action_flag": 1}}, {"pk": 37, "model": "admin.logentry", "fields": {"action_time": "2015-06-11T20:44:33.826Z", "change_message": "", "user": 1, "object_repr": "D Minor Pentatonic 3 Position: 10 : 4", "object_id": "30", "content_type": 9, "action_flag": 1}}, {"pk": 38, "model": "admin.logentry", "fields": {"action_time": "2015-06-11T20:47:02.588Z", "change_message": "", "user": 1, "object_repr": "D Minor Pentatonic 3 Position: 7 : 3", "object_id": "31", "content_type": 9, "action_flag": 1}}, {"pk": 39, "model": "admin.logentry", "fields": {"action_time": "2015-06-11T20:47:17.620Z", "change_message": "", "user": 1, "object_repr": "D Minor Pentatonic 3 Position: 10 : 3", "object_id": "32", "content_type": 9, "action_flag": 1}}, {"pk": 40, "model": "admin.logentry", "fields": {"action_time": "2015-06-11T20:47:45.558Z", "change_message": "", "user": 1, "object_repr": "D Minor Pentatonic 3 Position: 8 : 2", "object_id": "33", "content_type": 9, "action_flag": 1}}, {"pk": 41, "model": "admin.logentry", "fields": {"action_time": "2015-06-11T20:47:54.937Z", "change_message": "", "user": 1, "object_repr": "D Minor Pentatonic 3 Position: 10 : 2", "object_id": "34", "content_type": 9, "action_flag": 1}}, {"pk": 42, "model": "admin.logentry", "fields": {"action_time": "2015-06-11T20:48:05.155Z", "change_message": "", "user": 1, "object_repr": "D Minor Pentatonic 3 Position: 8 : 1", "object_id": "35", "content_type": 9, "action_flag": 1}}, {"pk": 43, "model": "admin.logentry", "fields": {"action_time": "2015-06-11T20:48:18.771Z", "change_message": "", "user": 1, "object_repr": "D Minor Pentatonic 3 Position: 10 : 1", "object_id": "36", "content_type": 9, "action_flag": 1}}, {"pk": 44, "model": "admin.logentry", "fields": {"action_time": "2015-06-11T20:51:38.131Z", "change_message": "", "user": 1, "object_repr": "D Minor Pentatonic 4", "object_id": "6", "content_type": 8, "action_flag": 1}}, {"pk": 45, "model": "admin.logentry", "fields": {"action_time": "2015-06-11T20:52:12.434Z", "change_message": "", "user": 1, "object_repr": "D Minor Pentatonic 4 Position: 10 : 6", "object_id": "37", "content_type": 9, "action_flag": 1}}, {"pk": 46, "model": "admin.logentry", "fields": {"action_time": "2015-06-11T20:52:45.374Z", "change_message": "", "user": 1, "object_repr": "D Minor Pentatonic 4 Position: 13 : 6", "object_id": "38", "content_type": 9, "action_flag": 1}}, {"pk": 47, "model": "admin.logentry", "fields": {"action_time": "2015-06-11T20:58:26.090Z", "change_message": "", "user": 1, "object_repr": "D Minor Pentatonic 4 Position: 10 : 5", "object_id": "39", "content_type": 9, "action_flag": 1}}, {"pk": 48, "model": "admin.logentry", "fields": {"action_time": "2015-06-11T20:58:42.013Z", "change_message": "", "user": 1, "object_repr": "D Minor Pentatonic 4 Position: 12 : 5", "object_id": "40", "content_type": 9, "action_flag": 1}}, {"pk": 49, "model": "admin.logentry", "fields": {"action_time": "2015-06-11T20:58:59.284Z", "change_message": "", "user": 1, "object_repr": "D Minor Pentatonic 4 Position: 10 : 4", "object_id": "41", "content_type": 9, "action_flag": 1}}, {"pk": 50, "model": "admin.logentry", "fields": {"action_time": "2015-06-11T20:59:10.022Z", "change_message": "", "user": 1, "object_repr": "D Minor Pentatonic 4 Position: 12 : 4", "object_id": "42", "content_type": 9, "action_flag": 1}}, {"pk": 51, "model": "admin.logentry", "fields": {"action_time": "2015-06-11T21:00:06.332Z", "change_message": "", "user": 1, "object_repr": "D Minor Pentatonic 4 Position: 10 : 3", "object_id": "43", "content_type": 9, "action_flag": 1}}, {"pk": 52, "model": "admin.logentry", "fields": {"action_time": "2015-06-11T21:00:14.031Z", "change_message": "", "user": 1, "object_repr": "D Minor Pentatonic 4 Position: 12 : 3", "object_id": "44", "content_type": 9, "action_flag": 1}}, {"pk": 53, "model": "admin.logentry", "fields": {"action_time": "2015-06-11T21:00:37.935Z", "change_message": "", "user": 1, "object_repr": "D Minor Pentatonic 4 Position: 10 : 2", "object_id": "45", "content_type": 9, "action_flag": 1}}, {"pk": 54, "model": "admin.logentry", "fields": {"action_time": "2015-06-11T21:00:51.851Z", "change_message": "", "user": 1, "object_repr": "D Minor Pentatonic 4 Position: 13 : 2", "object_id": "46", "content_type": 9, "action_flag": 1}}, {"pk": 55, "model": "admin.logentry", "fields": {"action_time": "2015-06-11T21:01:04.127Z", "change_message": "", "user": 1, "object_repr": "D Minor Pentatonic 4 Position: 10 : 1", "object_id": "47", "content_type": 9, "action_flag": 1}}, {"pk": 56, "model": "admin.logentry", "fields": {"action_time": "2015-06-11T21:01:17.061Z", "change_message": "", "user": 1, "object_repr": "D Minor Pentatonic 4 Position: 13 : 1", "object_id": "48", "content_type": 9, "action_flag": 1}}, {"pk": 57, "model": "admin.logentry", "fields": {"action_time": "2015-06-11T21:04:36.348Z", "change_message": "", "user": 1, "object_repr": "D Minor Pentatonic 5", "object_id": "7", "content_type": 8, "action_flag": 1}}, {"pk": 58, "model": "admin.logentry", "fields": {"action_time": "2015-06-11T21:05:05.216Z", "change_message": "", "user": 1, "object_repr": "D Minor Pentatonic 5 Position: 13 : 6", "object_id": "49", "content_type": 9, "action_flag": 1}}, {"pk": 59, "model": "admin.logentry", "fields": {"action_time": "2015-06-11T21:05:19.142Z", "change_message": "", "user": 1, "object_repr": "D Minor Pentatonic 5 Position: 15 : 6", "object_id": "50", "content_type": 9, "action_flag": 1}}, {"pk": 60, "model": "admin.logentry", "fields": {"action_time": "2015-06-11T21:05:30.596Z", "change_message": "", "user": 1, "object_repr": "D Minor Pentatonic 5 Position: 12 : 5", "object_id": "51", "content_type": 9, "action_flag": 1}}, {"pk": 61, "model": "admin.logentry", "fields": {"action_time": "2015-06-11T21:05:40.148Z", "change_message": "", "user": 1, "object_repr": "D Minor Pentatonic 5 Position: 15 : 5", "object_id": "52", "content_type": 9, "action_flag": 1}}, {"pk": 62, "model": "admin.logentry", "fields": {"action_time": "2015-06-11T21:06:42.089Z", "change_message": "", "user": 1, "object_repr": "D Minor Pentatonic 5 Position: 12 : 4", "object_id": "53", "content_type": 9, "action_flag": 1}}, {"pk": 63, "model": "admin.logentry", "fields": {"action_time": "2015-06-11T21:06:49.885Z", "change_message": "", "user": 1, "object_repr": "D Minor Pentatonic 5 Position: 15 : 4", "object_id": "54", "content_type": 9, "action_flag": 1}}, {"pk": 64, "model": "admin.logentry", "fields": {"action_time": "2015-06-11T21:07:23.710Z", "change_message": "", "user": 1, "object_repr": "D Minor Pentatonic 5 Position: 12 : 3", "object_id": "55", "content_type": 9, "action_flag": 1}}, {"pk": 65, "model": "admin.logentry", "fields": {"action_time": "2015-06-11T21:07:40.480Z", "change_message": "", "user": 1, "object_repr": "D Minor Pentatonic 5 Position: 14 : 3", "object_id": "56", "content_type": 9, "action_flag": 1}}, {"pk": 66, "model": "admin.logentry", "fields": {"action_time": "2015-06-11T21:08:15.883Z", "change_message": "", "user": 1, "object_repr": "D Minor Pentatonic 5 Position: 13 : 2", "object_id": "57", "content_type": 9, "action_flag": 1}}, {"pk": 67, "model": "admin.logentry", "fields": {"action_time": "2015-06-11T21:08:31.268Z", "change_message": "", "user": 1, "object_repr": "D Minor Pentatonic 5 Position: 15 : 2", "object_id": "58", "content_type": 9, "action_flag": 1}}, {"pk": 68, "model": "admin.logentry", "fields": {"action_time": "2015-06-11T21:08:46.957Z", "change_message": "", "user": 1, "object_repr": "D Minor Pentatonic 5 Position: 13 : 1", "object_id": "59", "content_type": 9, "action_flag": 1}}, {"pk": 69, "model": "admin.logentry", "fields": {"action_time": "2015-06-11T21:08:54.836Z", "change_message": "", "user": 1, "object_repr": "D Minor Pentatonic 5 Position: 15 : 1", "object_id": "60", "content_type": 9, "action_flag": 1}}]